user_id,isbn1,isbn2,isbn3
UTS8D7HA,9788932821085,9788975278105,9791197182204
I5AMML29,9788935210275,9788901083001,9788970650012
2L8GI440,9788917228076,9788990739353,9788970127545
FKUOBOZP,9791160074871,9788998529116,9791189620769
W7TCMB3Q,9788997234738,9788974745189,9788925508559
OPO0IU7H,9788996188155,9791130424767,9788962914504
2ZCPAV83,9791186650417,9788965180302,9791190977234
43A2TB29,9788995879535,9788901214498,9788991907270
WRSKAQCR,9788937432538,9788940804193,9791130424972
V6U78JNO,9788955612356,9791196118907,9791185014005
83CJ0RP0,9788958642329,9788901068084,9788963860312
1N7LXF9Z,9788964361306,9788958206873,9788990982674
QXEIPVBD,9788971846964,9788956601076,9788965962854
JJ3LNKOT,9788931451887,9791185401188,9788901101545
Y625EPA7,9788990790545,9788955980059,9788957693995
X9TX6QLH,9788996156420,9788956990712,9788983794369
5CFDOGF4,9788983922717,9788974833503,9788934915447
EWDP1R04,9788900091113,9791160400748,9788993285550
NUEQ1OYX,9788952207357,9788975609398,9791157843190
MXCI7I3E,9788997186440,9788925705408,9788957575826
VQIIH47M,9788983924100,9788971844595,9788932920146
NO8CCJ9N,9791188314393,9788973652761,9791188279272
IU8XEUNA,9791160260564,9788925589213,9788984314917
8V634614,9788954604536,9788961960069,9788973377930
Q8S0SB9C,9788989749165,9788965961949,9788996999805
CM1BKHA7,9788974531577,9788960496767,9788965960980
7WI5LRW1,9788935664740,9788992258685,9788937434129
QMOWDEYS,9788952233608,9788981333898,9788991725171
GCJGTQH7,9791197016875,9788952724175,9788970135892
D5GA360U,9791130623016,9788932036380,9788970138183
71FZ9Z6T,9791130611716,9788950922771,9791186349601
EQQ0UDMV,9791185617558,9788970904634,9788990062673
SI1LA6SD,9788959064588,9788967357436,9788976772725
3TGLYDLC,9788954681711,9788935651498,9788915067547
UWTRL2H0,9788935652426,9788960170728,9788958202332
9WKSHTO4,9788972759881,9788958720577,9788987527819
Q8Q5DVS6,9788974748777,9788960906419,9788968800344
3RAVA6UC,9788983796066,9788990279453,9788960862067
JPIXNZWE,9788990872463,9788946418912,9791195963300
WPW1W8JY,9788950922900,9788984984424,9788959794898
Q0G4ORJR,9788995574751,9791187750185,9788992382137
1E1OIX57,9788982815515,9788973432714,9788984017054
NOPZPAV1,9788959522897,9788957075555,9788901057293
IT7QZST6,9788954407540,9788901080949,9788984317413
0O8ORT0X,9788930232326,9788959406166,9788972202189
TYWP9K5B,9788954447164,9788937460722,9788998075712
Q5FMNNJ4,9788973583706,9788995846124,9788934921318
4HKOYG44,9788974283186,9788937461484,9791190779326
IBQJ791R,9788982731167,9788990982384,9788991998162
NR44O5N1,9791189356118,9788960861664,9788966185061
PFZLB178,9788954603546,9788996884941,9791189333294
YGTEFC2G,9788974271909,9788972829508,9788935610662
GURSZGA7,9788970301518,9791186288474,9788937475016
9OVWRNI9,9788954642149,9788901074597,9791159310614
L8IQPP33,9788947547567,9788932472256,9791160800838
G1NMVI6H,9788954420396,9788954617604,9788947543903
DI88K5ZB,9788994651217,9788996325314,9788936433628
2BPAZ08R,9791160802979,9788983924490,9791196656515
Z55H2C2Y,9788936433604,9788985961653,9788955960648
P14MMWSL,9788954403245,9788954604192,9788976966308
66QOSNAC,9788901054698,9791187705055,9788992109901
64ZSN09G,9788972913825,9788997779659,9788937432439
EFD09LW0,9788936430627,9788988246375,9788974835910
N1OFJGT6,9788932471280,9788935204427,9788952790880
B4MIT4GB,9791189099008,9788954417938,9788987203942
R3A7E0CJ,9788989799160,9788995847978,9788962806656
MCKIS667,9788930201575,9791158884543,9788931549430
4OR1SFQ6,9788960470354,9788977661318,9788959136902
HPMABMAD,9788971966839,9791195614905,9788983943415
N7KK5COX,9788972758266,9788998791841,9788954602914
DPY9WNZ4,9788973374823,9791189623029,9788954603973
FS20C7CO,9788995725085,9791160050929,9788937461040
G769XB36,9788958200871,9788970906911,9791186712641
UQ1U5GJX,9791165342050,9791190299060,9788935704460
WDID5QE3,9788965743019,9791189328009,9788994474991
1PV6DMOH,9788954626071,9791162203132,9788995592021
B0RLFH7Q,9788982736902,9791160800746,9788996743101
Z5KZHGSF,9788970101095,9788965963707,9791157061013
L7FMM7AJ,9788993727166,9788983797834,9788995664599
2GZ4JGYW,9791129489159,9788952764706,9791187192268
XU4LU07U,9788954419666,9788934921134,9788983715333
QWR95STC,9788996198826,9788950971304,9788995930816
BI0JP3G5,9788954634403,9788970419497,9788952226952
IESCOAL6,9791197050008,9788901092966,9788960864337
QTK9DNR7,9788975602832,9788959752188,9788978492560
Z8U9OAMA,9788960371668,9788960301979,9788970650616
FL2N2TG6,9788992650052,9791158510251,9791159315817
HI3GENDR,9788984986152,9788988360996,9788960905641
MXYS9A72,9788973815302,9791156755371,9791159200625
R41X36JS,9788954654517,9788901072487,9788991510357
ITJWYJHI,9788973584284,9788959893911,9791158740757
DD2O8TDB,9788934992035,9788990982612,9788984351950
JUFI0193,9788995201244,9788995218730,9788925115368
CMAGCABF,9788994361819,9791185400761,9788965700722
BHG2EFUZ,9788982815805,9791195634071,9788937403828
KZT7BOBU,9791165213541,9788970901015,9788961960090
NBNLFRQV,9788938201027,9788936476748,9788954616416
48O4H4IM,9788970419213,9788997382996,9788956034980
5ZJZS684,9791156757498,9788956250700,9788960532762
MIL4TDO0,9788925512525,9788950921675,9788972215240
BDRH1DET,9788956602776,9788932016139,9788983924100
2URGD15X,9788989313939,9788987480480,9788962606096
WNKAK5RC,9788970908298,9788963700533,9791190582490
D8BVCI33,9788979146806,9788996743101,9791156331650
K1Y8E2GK,9788960905412,9788936445140,9788992783903
KB6P2FOT,9788974254520,9791189932657,9788963710358
9WLQGHG0,9788960517929,9788946412521,9788962630633
NJZDFVLC,9788920036040,9788927803300,9788990054838
F6YLIB54,9788991503076,9791164050680,9788937830358
L8F8CVQT,9788975607875,9788930040198,9788977152052
46Q365N6,9788932473727,9788965421733,9791188907328
7M2W659A,9788960280847,9788901106489,9788932918433
Y94ZZXIH,9788977182318,9788946415393,9791160271683
BYF95ZYF,9788927807858,9788998529192,9788982819674
4ZI1P1KL,9788975607707,9788990872203,9788937461026
N1PF3LPE,9788925118826,9788982640919,9788927803041
A4NBJGPW,9791195035854,9788998417031,9788934914150
FGWQA1CC,9788925513591,9788957074848,9791160502114
SNVHWGU7,9788970945477,9788991010901,9788958206477
DDSNGN9L,9788949170541,9791162243169,9788992326490
XG240OHH,9788990700360,9788990611789,9791190277686
D67ZXPIG,9788990365484,9791189995317,9788950925666
EWIHOMQF,9788994015156,9788960517806,9788985966221
AQU7UGV1,9788984471399,9788984052093,9788983944962
R1UJEV9F,9788932917665,9791189938338,9788934989967
8L5GWIIL,9788993928952,9791186661246,9791162540695
3Z1KI0BF,9788979199468,9788991124813,9788995897072
4DUFU1UY,9788995921548,9788954674126,9788954611732
PV84EQMG,9791160804607,9788965402206,9788956608846
OVPISFL8,9788996056935,9788992109109,9788920037511
RFKTAKJP,9791157844500,9788982878435,9788970634418
0O6G3YFZ,9788974531515,9788972216438,9788998274672
06FQ8X2S,9788992133241,9788956372556,9788960518773
IDB4YLGE,9788935213344,9791189571474,9788989800088
8J8NHPL3,9788937461453,9791135416736,9788932020006
